<?xml version="1.0" encoding="UTF-8"?>
<project-private xmlns="http://www.netbeans.org/ns/project-private/1">
    <editor-bookmarks xmlns="http://www.netbeans.org/ns/editor-bookmarks/2" lastBookmarkId="0"/>
    <open-files xmlns="http://www.netbeans.org/ns/projectui-open-files/2">
        <group>
            <file>file:/F:/xampp/htdocs/FoodOrdering/home.php</file>
            <file>file:/F:/xampp/htdocs/FoodOrdering/AdminHome.php</file>
            <file>file:/F:/xampp/htdocs/FoodOrdering/Login.php</file>
            <file>file:/F:/xampp/htdocs/FoodOrdering/FoodOrder.php</file>
            <file>file:/F:/xampp/htdocs/FoodOrdering/FoodEntry.php</file>
            <file>file:/F:/xampp/htdocs/FoodOrdering/update.php</file>
            <file>file:/F:/xampp/htdocs/FoodOrdering/Cart.php</file>
            <file>file:/F:/xampp/htdocs/FoodOrdering/CheckOut.php</file>
            <file>file:/F:/xampp/htdocs/FoodOrdering/MyClass.php</file>
            <file>file:/F:/xampp/htdocs/FoodOrdering/Registration.php</file>
        </group>
    </open-files>
</project-private>
